{
  "新乡": [
    116.402217,
    35.311657
  ],
  "呼和浩特": [
    111.4124,
    40.4901
  ],
  "哈尔滨": [
    127.9688,
    45.368
  ],
  "石家庄": [
    114.4995,
    38.1006
  ],
  "昆明": [
    102.9199,
    25.4663
  ],
  "北京": [
    116.4551,
    40.2539
  ],
  "长春": [
    125.8154,
    44.2584
  ],
  "重庆": [
    107.7539,
    30.1904
  ],
  "贵阳": [
    106.6992,
    26.7682
  ],
  "南宁": [
    108.479,
    23.1152
  ],
  "济南": [
    117.1582,
    36.8701
  ],
  "太原": [
    112.3352,
    37.9413
  ],
  "西安": [
    109.1162,
    34.2004
  ],
  "武汉": [
    114.3896,
    30.6628
  ],
  "合肥": [
    117.29,
    32.0581
  ],
  "南京": [
    118.8062,
    31.9208
  ],
  "沈阳": [
    123.1238,
    42.1216
  ],
  "成都": [
    103.9526,
    30.7617
  ],
  "九江": [
    116,
    29.7
  ],
  "长沙": [
    113.0823,
    28.2568
  ],
  "南昌": [
    116.0046,
    28.6633
  ],
  "福州": [
    119.4543,
    25.9222
  ],
  "上海": [
    121.4648,
    31.2891
  ],
  "深圳": [
    114.5435,
    22.5439
  ],
  "新疆玛纳斯基地": [
    86.22,
    44.3
  ],
  "  ": [
    86.85,
    47.7
  ],
  " ": [
    79.92,
    37.12
  ],
  "兰州": [
    103.5901,
    36.3043
  ],
  "银川": [
    106.3586,
    38.1775
  ],
  "西宁": [
    101.4038,
    36.8207
  ]
}